"2020/2/3 14:28:12","",0,2,663,4
"2020/2/3 14:28:13","",0,2,663,4
"2020/2/3 14:28:15","",0,2,663,4
"2020/2/3 14:28:15","",0,2,663,4
"2020/2/3 14:28:19","",0,0,0,0
"2020/2/3 14:28:20","",0,0,59,187
"2020/2/3 14:28:21","if (false) {
}
",1,0,123,214
"2020/2/3 14:28:22","if (false) {
}
",1,0,230,270
"2020/2/3 14:28:23","if (false) {
}
",1,0,728,102
"2020/2/3 14:28:24","",0,1,742,79
"2020/2/3 14:28:25","",0,1,638,28
"2020/2/3 14:28:26","",0,1,638,28
"2020/2/3 14:28:27","",0,1,638,28
"2020/2/3 14:28:28","",0,1,439,32
"2020/2/3 14:28:29","",0,1,439,32
"2020/2/3 14:28:30","",0,1,439,32
